condition,infl_mean,deriv_mean,overall_mean,diff,diff_ci_lo,diff_ci_hi,diff_p,spearman_rank_vs_consistency
native,0.4967627589592089,0.5589069574960217,0.521620438373934,-0.0621441985368128,-0.1817773566304491,0.07103069811225228,0.338,0.3853373177942262
morphemic,0.5991061636655948,0.594803998031766,0.5973852974120633,0.004302165633828792,-0.08740690480216876,0.09712008336115163,0.946,0.08257228238447704
morfessor,0.5779836300750362,0.6149100369076362,0.5927541928080762,-0.03692640683260007,-0.13614905952321094,0.06755339756083248,0.492,0.24771684715343115
