condition,infl_mean,deriv_mean,overall_mean,diff,diff_ci_lo,diff_ci_hi,diff_p,spearman_rank_vs_consistency
native,0.4967627589592089,0.5906354703058436,0.550404308300143,-0.09387271134663472,-0.2077992335535911,0.018561254976374803,0.086,0.4947274449181536
morphemic,0.5991061636655948,0.6762190004081469,0.6431706418041959,-0.0771128367425521,-0.15859873569303848,0.01407528576914042,0.104,0.41462871574092874
morfessor,0.5677381383230172,0.677849084161004,0.6306586788018668,-0.11011094583798675,-0.20080472827226553,-0.015919614494405186,0.028,0.5418443444341683
